{
  "project_info": {
    "project_number": "774116951817",
    "project_id": "exercise-d2929",
    "storage_bucket": "exercise-d2929.appspot.com"
  },
  "client": [
    {
      "client_info": {
        "mobilesdk_app_id": "1:774116951817:android:6c3328d30da015d5cab5d8",
        "android_client_info": {
          "package_name": "com.example.exercise"
        }
      },
      "oauth_client": [],
      "api_key": [
        {
          "current_key": "AIzaSyBFFWpV5fJYjP4yfPBPKZu1cJjNMCRtHJw"
        }
      ],
      "services": {
        "appinvite_service": {
          "other_platform_oauth_client": []
        }
      }
    }
  ],
  "configuration_version": "1"
}