{
    "v": "5.5.7",
    "fr": 30,
    "ip": 0,
    "op": 60,
    "w": 500,
    "h": 500,
    "nm": "Bouncing Ball",
    "ddd": 0,
    "assets": [],
    "layers": [
      {
        "ddd": 0,
        "ind": 0,
        "ty": 4,
        "nm": "Ball",
        "sr": 1,
        "ks": {
          "o": {
            "a": 0,
            "k": 100
          },
          "r": {
            "a": 0,
            "k": 0
          },
          "p": {
            "a": 1,
            "k": [
              {
                "i": {
                  "x": 0.667,
                  "y": 1
                },
                "o": {
                  "x": 0.333,
                  "y": 0
                },
                "t": 0,
                "s": [
                  250,
                  450,
                  0
                ],
                "e": [
                  250,
                  50,
                  0
                ],
                "to": [
                  0,
                  -66.6666641235352,
                  0
                ],
                "ti": [
                  0,
                  66.6666641235352,
                  0
                ]
              },
              {
                "t": 30
              },
              {
                "i": {
                  "x": 0.667,
                  "y": 1
                },
                "o": {
                  "x": 0.333,
                  "y": 0
                },
                "t": 30,
                "s": [
                  250,
                  50,
                  0
                ],
                "e": [
                  250,
                  450,
                  0
                ],
                "to": [
                  0,
                  66.6666641235352,
                  0
                ],
                "ti": [
                  0,
                  -66.6666641235352,
                  0
                ]
              },
              {
                "t": 60
              }
            ]
          },
          "a": {
            "a": 0,
            "k": [
              0,
              0,
              0
            ]
          },
          "s": {
            "a": 0,
            "k": [
              100,
              100,
              100
            ]
          }
        },
        "ao": 0,
        "shapes": [
          {
            "ty": "el",
            "p": {
              "a": 0,
              "k": [
                0,
                0
              ]
            },
            "s": {
              "a": 0,
              "k": [
                100,
                100
              ]
            },
            "nm": "Ellipse Path 1",
            "mn": "ADBE Vector Shape - Ellipse",
            "hd": false
          },
          {
            "ty": "fl",
            "c": {
              "a": 0,
              "k": [
                1,
                0,
                0,
                1
              ]
            },
            "o": {
              "a": 0,
              "k": 100
            },
            "r": 1,
            "nm": "Fill 1",
            "mn": "ADBE Vector Graphic - Fill",
            "hd": false
          }
        ],
        "ip": 0,
        "op": 60,
        "st": 0,
        "bm": 0
      }
    ]
  }
  