{"v":"4.8.0","meta":{"g":"LottieFiles AE 3.0.2","a":"","k":"","d":"","tc":""},"fr":30,"ip":0,"op":80,"w":1500,"h":1000,"nm":"Comp 1","ddd":0,"assets":[],"layers":[{"ddd":0,"ind":1,"ty":4,"nm":"Layer 1","parent":5,"sr":1,"ks":{"o":{"a":0,"k":100,"ix":11},"r":{"a":1,"k":[{"i":{"x":[0.4],"y":[1]},"o":{"x":[0.33],"y":[0]},"t":18,"s":[-29]},{"i":{"x":[0.4],"y":[1]},"o":{"x":[0.33],"y":[0]},"t":32,"s":[-45]},{"t":48,"s":[-29]}],"ix":10},"p":{"a":0,"k":[1146.739,401.849,0],"ix":2},"a":{"a":0,"k":[-4126.822,2455.405,0],"ix":1},"s":{"a":0,"k":[100,100,100],"ix":6}},"ao":0,"shapes":[{"ty":"gr","it":[{"ind":0,"ty":"sh","ix":1,"ks":{"a":0,"k":{"i":[[0.065,-0.143],[1.495,-0.843],[2.911,2.317],[4.68,9.001],[0,0],[-4.573,0.844],[-4.468,-1.671],[-4.391,-3.101],[-2.594,-2.031],[-2.241,-2.298],[2.455,-5.797]],"o":[[-0.869,1.8],[-3.241,1.827],[-10.745,-8.554],[-7.43,-14.29],[3.037,-3.471],[4.75,-0.876],[5.05,1.888],[2.698,1.905],[2.527,1.978],[3.883,3.982],[-0.062,0.145]],"v":[[-4121.744,2456.159],[-4125.372,2460.05],[-4135.617,2459.053],[-4159.061,2429.708],[-4181.998,2424.87],[-4170.432,2417.986],[-4156.327,2419.731],[-4142.204,2427.525],[-4134.372,2433.556],[-4127.21,2439.98],[-4121.549,2455.73]],"c":true},"ix":2},"nm":"Path 1","mn":"ADBE Vector Shape - Group","hd":false},{"ty":"fl","c":{"a":0,"k":[0,0,0,1],"ix":4},"o":{"a":0,"k":100,"ix":5},"r":1,"bm":0,"nm":"Fill 1","mn":"ADBE Vector Graphic - Fill","hd":false},{"ty":"tr","p":{"a":0,"k":[0,0],"ix":2},"a":{"a":0,"k":[0,0],"ix":1},"s":{"a":0,"k":[100,100],"ix":3},"r":{"a":0,"k":0,"ix":6},"o":{"a":0,"k":100,"ix":7},"sk":{"a":0,"k":0,"ix":4},"sa":{"a":0,"k":0,"ix":5},"nm":"Transform"}],"nm":"Group 1","np":2,"cix":2,"bm":0,"ix":1,"mn":"ADBE Vector Group","hd":false}],"ip":0,"op":83,"st":0,"bm":0},{"ddd":0,"ind":2,"ty":4,"nm":"Layer 3","sr":1,"ks":{"o":{"a":0,"k":100,"ix":11},"r":{"a":0,"k":0,"ix":10},"p":{"a":0,"k":[1040.5,705.5,0],"ix":2},"a":{"a":0,"k":[289.266,207.225,0],"ix":1},"s":{"a":0,"k":[100,100,100],"ix":6}},"ao":0,"shapes":[{"ty":"gr","it":[{"ind":0,"ty":"sh","ix":1,"ks":{"a":0,"k":{"i":[[-1.382,0.287],[-8.252,-0.843],[-16.044,-7.409],[1.752,-0.199],[6.157,1.155],[9.758,-2.761],[7.193,2.796],[-5.521,5.171]],"o":[[7.779,-1.614],[9.654,0.986],[1.638,0.756],[-6.231,0.706],[-9.495,-1.781],[-4.455,1.26],[-7.097,-2.759],[1.085,-1.017]],"v":[[260.479,197.223],[287.995,194.182],[329.959,210.795],[329.512,214.459],[307.778,214.622],[270.398,216.137],[253.746,219.613],[250.969,200.494]],"c":true},"ix":2},"nm":"Path 1","mn":"ADBE Vector Shape - Group","hd":false},{"ty":"fl","c":{"a":0,"k":[0.839215695858,0.501960813999,0.349019616842,1],"ix":4},"o":{"a":0,"k":100,"ix":5},"r":1,"bm":0,"nm":"Fill 1","mn":"ADBE Vector Graphic - Fill","hd":false},{"ty":"tr","p":{"a":0,"k":[0,0],"ix":2},"a":{"a":0,"k":[0,0],"ix":1},"s":{"a":0,"k":[100,100],"ix":3},"r":{"a":0,"k":0,"ix":6},"o":{"a":0,"k":100,"ix":7},"sk":{"a":0,"k":0,"ix":4},"sa":{"a":0,"k":0,"ix":5},"nm":"Transform"}],"nm":"Group 1","np":2,"cix":2,"bm":0,"ix":1,"mn":"ADBE Vector Group","hd":false}],"ip":0,"op":83,"st":0,"bm":0},{"ddd":0,"ind":3,"ty":4,"nm":"Group 2","sr":1,"ks":{"o":{"a":0,"k":100,"ix":11},"r":{"a":1,"k":[{"i":{"x":[0.667],"y":[1]},"o":{"x":[0.333],"y":[0]},"t":0,"s":[0]},{"i":{"x":[0.667],"y":[1]},"o":{"x":[0.333],"y":[0]},"t":20,"s":[-28]},{"i":{"x":[0.667],"y":[1]},"o":{"x":[0.333],"y":[0]},"t":30,"s":[-28]},{"t":50,"s":[0]}],"ix":10},"p":{"a":0,"k":[1005.897,710.496,0],"ix":2},"a":{"a":0,"k":[255.897,210.496,0],"ix":1},"s":{"a":0,"k":[100,100,100],"ix":6}},"ao":0,"shapes":[{"ty":"gr","it":[{"ind":0,"ty":"sh","ix":1,"ks":{"a":0,"k":{"i":[[0,0],[3.693,6.553],[3.959,-23.334],[-20.318,-56.654],[-2.159,14.602]],"o":[[0,0],[-3.693,-6.553],[-3.959,23.334],[6.717,6.498],[2.159,-14.602]],"v":[[267.603,99.624],[264.556,77.111],[233.066,88.46],[250.051,214.015],[264.802,203.867]],"c":true},"ix":2},"nm":"Path 1","mn":"ADBE Vector Shape - Group","hd":false},{"ty":"fl","c":{"a":0,"k":[0.839215695858,0.501960813999,0.349019616842,1],"ix":4},"o":{"a":0,"k":100,"ix":5},"r":1,"bm":0,"nm":"Fill 1","mn":"ADBE Vector Graphic - Fill","hd":false},{"ty":"tr","p":{"a":0,"k":[0,0],"ix":2},"a":{"a":0,"k":[0,0],"ix":1},"s":{"a":0,"k":[100,100],"ix":3},"r":{"a":0,"k":0,"ix":6},"o":{"a":0,"k":100,"ix":7},"sk":{"a":0,"k":0,"ix":4},"sa":{"a":0,"k":0,"ix":5},"nm":"Transform"}],"nm":"Group 1","np":2,"cix":2,"bm":0,"ix":1,"mn":"ADBE Vector Group","hd":false}],"ip":0,"op":83,"st":0,"bm":0},{"ddd":0,"ind":4,"ty":4,"nm":"Group 2","parent":3,"sr":1,"ks":{"o":{"a":0,"k":100,"ix":11},"r":{"a":1,"k":[{"i":{"x":[0.667],"y":[1]},"o":{"x":[0.333],"y":[0]},"t":0,"s":[-1]},{"i":{"x":[0.667],"y":[1]},"o":{"x":[0.333],"y":[0]},"t":20,"s":[116]},{"i":{"x":[0.667],"y":[1]},"o":{"x":[0.333],"y":[0]},"t":30,"s":[116]},{"t":50,"s":[-1]}],"ix":10},"p":{"a":0,"k":[248.995,86.924,0],"ix":2},"a":{"a":0,"k":[248.995,86.924,0],"ix":1},"s":{"a":0,"k":[100,87.324,100],"ix":6}},"ao":0,"shapes":[{"ty":"gr","it":[{"ind":0,"ty":"sh","ix":1,"ks":{"a":1,"k":[{"i":{"x":0.833,"y":0.833},"o":{"x":0.333,"y":0},"t":0,"s":[{"i":[[13.911,4.388],[1.058,8.414],[2.01,17.511],[-19.91,8.117],[9.914,-44.098],[-1.342,-8.344]],"o":[[-8.088,-2.551],[-2.117,-16.846],[-2.735,-23.827],[20.506,-8.36],[-6.399,28.463],[1.054,6.556]],"v":[[244.672,97.259],[232.89,79.225],[224.503,10.775],[233.415,-71.805],[271.432,-23.594],[264.949,80.919]],"c":true}]},{"i":{"x":0.667,"y":1},"o":{"x":0.167,"y":0.167},"t":9,"s":[{"i":[[13.911,4.388],[1.058,8.414],[2.01,17.51],[-19.91,8.117],[9.914,-44.098],[-1.342,-8.344]],"o":[[-8.088,-2.551],[-2.117,-16.846],[-2.735,-23.827],[20.506,-8.36],[-6.399,28.463],[1.054,6.556]],"v":[[244.672,97.259],[232.89,79.225],[223.255,32.196],[232.328,-39.998],[270.345,8.212],[264.949,80.919]],"c":true}]},{"i":{"x":0.667,"y":1},"o":{"x":0.333,"y":0},"t":20,"s":[{"i":[[13.911,4.388],[1.058,8.414],[2.01,17.51],[-19.91,8.117],[9.914,-44.098],[-1.342,-8.344]],"o":[[-8.088,-2.551],[-2.117,-16.846],[-2.735,-23.828],[20.506,-8.36],[-6.399,28.463],[1.054,6.556]],"v":[[244.672,97.259],[232.89,79.225],[223.449,20.056],[232.741,-38.103],[270.758,10.107],[264.949,80.919]],"c":true}]},{"i":{"x":0.833,"y":0.833},"o":{"x":0.333,"y":0},"t":30,"s":[{"i":[[13.911,4.388],[1.058,8.414],[2.01,17.51],[-19.91,8.117],[9.914,-44.098],[-1.342,-8.344]],"o":[[-8.088,-2.551],[-2.117,-16.846],[-2.735,-23.828],[20.506,-8.36],[-6.399,28.463],[1.054,6.556]],"v":[[244.672,97.259],[232.89,79.225],[223.449,20.056],[232.741,-38.103],[270.758,10.107],[264.949,80.919]],"c":true}]},{"i":{"x":0.667,"y":1},"o":{"x":0.167,"y":0.167},"t":40,"s":[{"i":[[13.911,4.388],[1.058,8.414],[2.01,17.51],[-19.91,8.117],[9.914,-44.098],[-1.342,-8.344]],"o":[[-8.088,-2.551],[-2.117,-16.846],[-2.735,-23.827],[20.506,-8.36],[-6.399,28.463],[1.054,6.556]],"v":[[244.672,97.259],[232.89,79.225],[223.255,32.196],[232.328,-39.998],[270.345,8.212],[264.949,80.919]],"c":true}]},{"t":50,"s":[{"i":[[13.911,4.388],[1.058,8.414],[2.01,17.511],[-19.91,8.117],[9.914,-44.098],[-1.342,-8.344]],"o":[[-8.088,-2.551],[-2.117,-16.846],[-2.735,-23.827],[20.506,-8.36],[-6.399,28.463],[1.054,6.556]],"v":[[244.672,97.259],[232.89,79.225],[224.503,10.775],[233.415,-71.805],[271.432,-23.594],[264.949,80.919]],"c":true}]}],"ix":2},"nm":"Path 1","mn":"ADBE Vector Shape - Group","hd":false},{"ty":"fl","c":{"a":0,"k":[0.839215695858,0.501960813999,0.349019616842,1],"ix":4},"o":{"a":0,"k":100,"ix":5},"r":1,"bm":0,"nm":"Fill 1","mn":"ADBE Vector Graphic - Fill","hd":false},{"ty":"tr","p":{"a":0,"k":[0,0],"ix":2},"a":{"a":0,"k":[0,0],"ix":1},"s":{"a":0,"k":[100,100],"ix":3},"r":{"a":0,"k":0,"ix":6},"o":{"a":0,"k":100,"ix":7},"sk":{"a":0,"k":0,"ix":4},"sa":{"a":0,"k":0,"ix":5},"nm":"Transform"}],"nm":"Group 2","np":2,"cix":2,"bm":0,"ix":1,"mn":"ADBE Vector Group","hd":false}],"ip":0,"op":83,"st":0,"bm":0},{"ddd":0,"ind":5,"ty":4,"nm":"Layer 2 :M","parent":9,"sr":1,"ks":{"o":{"a":0,"k":100,"ix":11},"r":{"a":0,"k":12,"ix":10},"p":{"a":0,"k":[2249.399,-1523.861,0],"ix":2},"a":{"a":0,"k":[781.725,499.505,0],"ix":1},"s":{"a":0,"k":[100,100,100],"ix":6}},"ao":0,"shapes":[{"ty":"gr","it":[{"ty":"gr","it":[{"ty":"gr","it":[{"ind":0,"ty":"sh","ix":1,"ks":{"a":0,"k":{"i":[[3.9,-12.6],[-0.004,4.686],[8.307,-1.291],[-2.918,-5.803],[-14.006,2.297]],"o":[[0,0],[0.004,-4.686],[-8.307,1.291],[0,0],[6.75,-1.107]],"v":[[371.925,-67.693],[374.458,-76.339],[358.448,-84.294],[346.156,-72.767],[359.087,-81.919]],"c":true},"ix":2},"nm":"Path 1","mn":"ADBE Vector Shape - Group","hd":false},{"ty":"fl","c":{"a":0,"k":[0.839215695858,0.498039215803,0.345098048449,1],"ix":4},"o":{"a":0,"k":100,"ix":5},"r":1,"bm":0,"nm":"Fill 1","mn":"ADBE Vector Graphic - Fill","hd":false},{"ty":"tr","p":{"a":0,"k":[0,0],"ix":2},"a":{"a":0,"k":[0,0],"ix":1},"s":{"a":0,"k":[100,100],"ix":3},"r":{"a":0,"k":0,"ix":6},"o":{"a":0,"k":100,"ix":7},"sk":{"a":0,"k":0,"ix":4},"sa":{"a":0,"k":0,"ix":5},"nm":"Transform"}],"nm":"Group 1","np":2,"cix":2,"bm":0,"ix":1,"mn":"ADBE Vector Group","hd":false},{"ty":"gr","it":[{"ty":"gr","it":[{"ind":0,"ty":"sh","ix":1,"ks":{"a":0,"k":{"i":[[4.289,-13.218],[0.01,0.02],[-1.17,0.499],[-3.178,4.236],[-7.039,6.978],[-18.311,-3.661],[13.513,-36.619],[18.441,3.075],[4.764,3.709],[-0.573,4.812],[0.023,4.481],[1.99,3.833],[0.834,5.43]],"o":[[-24.914,-5.841],[0.635,1.237],[4.904,-2.09],[5.875,-7.831],[13.467,-13.351],[43.931,8.784],[-5.213,14.127],[-5.86,-0.977],[-3.875,-3.017],[0.524,-4.398],[-0.023,-4.573],[-2.652,-5.109],[-1.662,-10.817]],"v":[[342.458,-75.212],[305.302,-104.887],[317.354,-107.544],[329.411,-117.408],[345.261,-142],[397.369,-156.298],[439.675,-54.071],[401.66,-19.144],[384.437,-25.679],[379.504,-38.176],[383.134,-50.795],[377.64,-62.71],[375.905,-78.52]],"c":true},"ix":2},"nm":"Path 1","mn":"ADBE Vector Shape - Group","hd":false},{"ty":"fl","c":{"a":0,"k":[0,0,0,1],"ix":4},"o":{"a":0,"k":100,"ix":5},"r":1,"bm":0,"nm":"Fill 1","mn":"ADBE Vector Graphic - Fill","hd":false},{"ty":"tr","p":{"a":0,"k":[0,0],"ix":2},"a":{"a":0,"k":[0,0],"ix":1},"s":{"a":0,"k":[100,100],"ix":3},"r":{"a":0,"k":0,"ix":6},"o":{"a":0,"k":100,"ix":7},"sk":{"a":0,"k":0,"ix":4},"sa":{"a":0,"k":0,"ix":5},"nm":"Transform"}],"nm":"Group 1","np":2,"cix":2,"bm":0,"ix":1,"mn":"ADBE Vector Group","hd":false},{"ty":"gr","it":[{"ind":0,"ty":"sh","ix":1,"ks":{"a":0,"k":{"i":[[0,0],[0,0],[-6.687,-10.14],[-6.751,-3.064],[0,0],[0.168,-3.733],[-10.084,-18.302],[-6.249,-4.024],[0,0],[0,0],[0,0]],"o":[[0,0],[0,0],[4.081,6.189],[0,0],[0,0],[7.213,-3.146],[6.337,11.49],[0,0],[0,0],[0,0],[0,0]],"v":[[354.87,-118.116],[306.407,-103.73],[315.95,-83.338],[332.613,-69.249],[332.614,-69.249],[329.438,-58.734],[357.959,-48.555],[380.126,-25.494],[389.955,-29.664],[418.416,-65.425],[402.079,-115.638]],"c":true},"ix":2},"nm":"Path 1","mn":"ADBE Vector Shape - Group","hd":false},{"ty":"fl","c":{"a":0,"k":[0.741176486015,0.329411774874,0.188235297799,1],"ix":4},"o":{"a":0,"k":100,"ix":5},"r":1,"bm":0,"nm":"Fill 1","mn":"ADBE Vector Graphic - Fill","hd":false},{"ty":"tr","p":{"a":0,"k":[0,0],"ix":2},"a":{"a":0,"k":[0,0],"ix":1},"s":{"a":0,"k":[100,100],"ix":3},"r":{"a":0,"k":0,"ix":6},"o":{"a":0,"k":100,"ix":7},"sk":{"a":0,"k":0,"ix":4},"sa":{"a":0,"k":0,"ix":5},"nm":"Transform"}],"nm":"Group 2","np":2,"cix":2,"bm":0,"ix":2,"mn":"ADBE Vector Group","hd":false},{"ty":"gr","it":[{"ind":0,"ty":"sh","ix":1,"ks":{"a":0,"k":{"i":[[7.468,3.39],[-0.747,-13.29],[-3.264,0.237],[-3.416,4.189],[0,0],[0,0],[-5.008,-2.697],[-7.668,8.863],[-1.782,0.812],[6.337,11.49],[7.213,-3.146],[0,0]],"o":[[-7.333,16.5],[0.747,13.29],[2.877,3.504],[5.536,7.039],[0,0],[0,0],[5.008,2.697],[1.314,-1.52],[-6.249,-4.024],[-10.084,-18.302],[0.168,-3.733],[0,0]],"v":[[325.145,-72.638],[318.553,-24.911],[336.491,-15.932],[344.902,-14.581],[353.001,-14.511],[357.334,-15.046],[362.298,-9.935],[375.421,-22.044],[380.126,-25.494],[357.959,-48.555],[329.438,-58.734],[332.614,-69.249]],"c":true},"ix":2},"nm":"Path 1","mn":"ADBE Vector Shape - Group","hd":false},{"ty":"fl","c":{"a":0,"k":[0.839215695858,0.501960813999,0.349019616842,1],"ix":4},"o":{"a":0,"k":100,"ix":5},"r":1,"bm":0,"nm":"Fill 1","mn":"ADBE Vector Graphic - Fill","hd":false},{"ty":"tr","p":{"a":0,"k":[0,0],"ix":2},"a":{"a":0,"k":[0,0],"ix":1},"s":{"a":0,"k":[100,100],"ix":3},"r":{"a":0,"k":0,"ix":6},"o":{"a":0,"k":100,"ix":7},"sk":{"a":0,"k":0,"ix":4},"sa":{"a":0,"k":0,"ix":5},"nm":"Transform"}],"nm":"Group 3","np":2,"cix":2,"bm":0,"ix":3,"mn":"ADBE Vector Group","hd":false},{"ty":"tr","p":{"a":0,"k":[0,0],"ix":2},"a":{"a":0,"k":[0,0],"ix":1},"s":{"a":0,"k":[100,100],"ix":3},"r":{"a":0,"k":0,"ix":6},"o":{"a":0,"k":100,"ix":7},"sk":{"a":0,"k":0,"ix":4},"sa":{"a":0,"k":0,"ix":5},"nm":"Transform"}],"nm":"Group 2","np":3,"cix":2,"bm":0,"ix":2,"mn":"ADBE Vector Group","hd":false},{"ty":"tr","p":{"a":0,"k":[0,0],"ix":2},"a":{"a":0,"k":[0,0],"ix":1},"s":{"a":0,"k":[100,100],"ix":3},"r":{"a":0,"k":0,"ix":6},"o":{"a":0,"k":100,"ix":7},"sk":{"a":0,"k":0,"ix":4},"sa":{"a":0,"k":0,"ix":5},"nm":"Transform"}],"nm":"Group 3","np":2,"cix":2,"bm":0,"ix":1,"mn":"ADBE Vector Group","hd":false},{"ty":"tr","p":{"a":0,"k":[1074.842,419.379],"ix":2},"a":{"a":0,"k":[319.336,-54.264],"ix":1},"s":{"a":0,"k":[100,100],"ix":3},"r":{"a":0,"k":-32,"ix":6},"o":{"a":0,"k":100,"ix":7},"sk":{"a":0,"k":0,"ix":4},"sa":{"a":0,"k":0,"ix":5},"nm":"Transform"}],"nm":"Group 3","np":1,"cix":2,"bm":0,"ix":1,"mn":"ADBE Vector Group","hd":false},{"ty":"gr","it":[{"ty":"gr","it":[{"ty":"gr","it":[{"ty":"gr","it":[{"ind":0,"ty":"sh","ix":1,"ks":{"a":0,"k":{"i":[[-3.799,14.482],[-2.207,-2.214],[-11.91,-47.048],[4.207,-1.305]],"o":[[2.633,1.871],[0,0],[0.19,0.755],[-12.989,-48.009]],"v":[[93.95,-57.511],[100.431,-51.938],[103.484,39.769],[96.142,41.637]],"c":true},"ix":2},"nm":"Path 1","mn":"ADBE Vector Shape - Group","hd":false},{"ty":"fl","c":{"a":0,"k":[0.717647075653,0.72549021244,0.733333349228,1],"ix":4},"o":{"a":0,"k":100,"ix":5},"r":1,"bm":0,"nm":"Fill 1","mn":"ADBE Vector Graphic - Fill","hd":false},{"ty":"tr","p":{"a":0,"k":[0,0],"ix":2},"a":{"a":0,"k":[0,0],"ix":1},"s":{"a":0,"k":[100,100],"ix":3},"r":{"a":0,"k":0,"ix":6},"o":{"a":0,"k":100,"ix":7},"sk":{"a":0,"k":0,"ix":4},"sa":{"a":0,"k":0,"ix":5},"nm":"Transform"}],"nm":"Group 1","np":2,"cix":2,"bm":0,"ix":1,"mn":"ADBE Vector Group","hd":false},{"ty":"gr","it":[{"ind":0,"ty":"sh","ix":1,"ks":{"a":0,"k":{"i":[[-8.945,30.238],[-30.439,-7.408],[-8.324,-5.916],[-2.207,-2.214],[-11.91,-47.048],[4.207,-1.305],[2.463,-0.35],[13.554,4.697]],"o":[[9.635,-32.568],[9.477,2.306],[2.633,1.871],[0,0],[0.19,0.755],[-10.87,3.371],[-14.048,1.994],[-31.956,-11.075]],"v":[[-14.286,-32.619],[65.253,-70.469],[93.128,-58.062],[100.431,-51.938],[103.484,39.769],[96.142,41.637],[62.517,48.923],[20.548,48.41]],"c":true},"ix":2},"nm":"Path 1","mn":"ADBE Vector Shape - Group","hd":false},{"ty":"fl","c":{"a":0,"k":[0.250980407,0.250980407,0.254901975393,1],"ix":4},"o":{"a":0,"k":100,"ix":5},"r":1,"bm":0,"nm":"Fill 1","mn":"ADBE Vector Graphic - Fill","hd":false},{"ty":"tr","p":{"a":0,"k":[0,0],"ix":2},"a":{"a":0,"k":[0,0],"ix":1},"s":{"a":0,"k":[100,100],"ix":3},"r":{"a":0,"k":0,"ix":6},"o":{"a":0,"k":100,"ix":7},"sk":{"a":0,"k":0,"ix":4},"sa":{"a":0,"k":0,"ix":5},"nm":"Transform"}],"nm":"Group 2","np":2,"cix":2,"bm":0,"ix":2,"mn":"ADBE Vector Group","hd":false},{"ty":"tr","p":{"a":0,"k":[0,0],"ix":2},"a":{"a":0,"k":[0,0],"ix":1},"s":{"a":0,"k":[100,100],"ix":3},"r":{"a":0,"k":0,"ix":6},"o":{"a":0,"k":100,"ix":7},"sk":{"a":0,"k":0,"ix":4},"sa":{"a":0,"k":0,"ix":5},"nm":"Transform"}],"nm":"Group 1","np":2,"cix":2,"bm":0,"ix":1,"mn":"ADBE Vector Group","hd":false},{"ty":"gr","it":[{"ty":"gr","it":[{"ind":0,"ty":"sh","ix":1,"ks":{"a":0,"k":{"i":[[-6.612,-5.636],[-9.82,1.477],[-1.255,0.297],[-7.009,6.857],[-2.347,5.183],[31.594,-4.63],[2.115,11.311]],"o":[[7.681,6.552],[1.329,-0.193],[9.696,-2.249],[4.334,-4.259],[-6.726,7.404],[-29.465,4.318],[0.174,8.919]],"v":[[209.681,-17.428],[238.152,-11.068],[242.042,-11.81],[267.872,-26.154],[278.081,-40.478],[235.973,-14.579],[200.159,-40.353]],"c":true},"ix":2},"nm":"Path 1","mn":"ADBE Vector Shape - Group","hd":false},{"ty":"fl","c":{"a":0,"k":[0.768627464771,0.419607847929,0.309803932905,1],"ix":4},"o":{"a":0,"k":100,"ix":5},"r":1,"bm":0,"nm":"Fill 1","mn":"ADBE Vector Graphic - Fill","hd":false},{"ty":"tr","p":{"a":0,"k":[0,0],"ix":2},"a":{"a":0,"k":[0,0],"ix":1},"s":{"a":0,"k":[100,100],"ix":3},"r":{"a":0,"k":0,"ix":6},"o":{"a":0,"k":100,"ix":7},"sk":{"a":0,"k":0,"ix":4},"sa":{"a":0,"k":0,"ix":5},"nm":"Transform"}],"nm":"Group 1","np":2,"cix":2,"bm":0,"ix":1,"mn":"ADBE Vector Group","hd":false},{"ty":"gr","it":[{"ind":0,"ty":"sh","ix":1,"ks":{"a":0,"k":{"i":[[-3.757,-0.013],[2.349,26.103],[0,0]],"o":[[0,0],[-1.329,26.314],[0,0]],"v":[[190.486,26.433],[174.621,-13.128],[182.542,25.926]],"c":true},"ix":2},"nm":"Path 1","mn":"ADBE Vector Shape - Group","hd":false},{"ty":"fl","c":{"a":0,"k":[0.800000011921,0.149019613862,0.490196079016,1],"ix":4},"o":{"a":0,"k":100,"ix":5},"r":1,"bm":0,"nm":"Fill 1","mn":"ADBE Vector Graphic - Fill","hd":false},{"ty":"tr","p":{"a":0,"k":[0,0],"ix":2},"a":{"a":0,"k":[0,0],"ix":1},"s":{"a":0,"k":[100,100],"ix":3},"r":{"a":0,"k":0,"ix":6},"o":{"a":0,"k":100,"ix":7},"sk":{"a":0,"k":0,"ix":4},"sa":{"a":0,"k":0,"ix":5},"nm":"Transform"}],"nm":"Group 2","np":2,"cix":2,"bm":0,"ix":2,"mn":"ADBE Vector Group","hd":false},{"ty":"gr","it":[{"ind":0,"ty":"sh","ix":1,"ks":{"a":0,"k":{"i":[[0,0],[-27.805,-34.489],[0,0],[-8.33,47.644]],"o":[[0,0],[-9.898,1.606],[0,0],[0,0]],"v":[[157.005,-57.936],[176.351,27.062],[167.621,28.552],[150.856,-55.948]],"c":true},"ix":2},"nm":"Path 1","mn":"ADBE Vector Shape - Group","hd":false},{"ty":"fl","c":{"a":0,"k":[0.717647075653,0.72549021244,0.733333349228,1],"ix":4},"o":{"a":0,"k":100,"ix":5},"r":1,"bm":0,"nm":"Fill 1","mn":"ADBE Vector Graphic - Fill","hd":false},{"ty":"tr","p":{"a":0,"k":[0,0],"ix":2},"a":{"a":0,"k":[0,0],"ix":1},"s":{"a":0,"k":[100,100],"ix":3},"r":{"a":0,"k":0,"ix":6},"o":{"a":0,"k":100,"ix":7},"sk":{"a":0,"k":0,"ix":4},"sa":{"a":0,"k":0,"ix":5},"nm":"Transform"}],"nm":"Group 3","np":2,"cix":2,"bm":0,"ix":3,"mn":"ADBE Vector Group","hd":false},{"ty":"gr","it":[{"ind":0,"ty":"sh","ix":1,"ks":{"a":0,"k":{"i":[[-6.612,-5.636],[-9.82,1.477],[-1.255,0.297],[-7.009,6.857],[-2.347,5.183],[11.76,11.385],[1.701,1.273],[13.194,-17.74],[-0.25,-12.707]],"o":[[7.681,6.552],[1.329,-0.193],[9.696,-2.249],[4.334,-4.259],[5.493,-12.068],[-1.382,-1.348],[-17.084,-12.777],[-6.415,8.623],[0.174,8.919]],"v":[[209.681,-17.428],[238.152,-11.068],[242.042,-11.81],[267.872,-26.154],[278.081,-40.478],[270.968,-77.671],[266.35,-81.598],[211.289,-75.509],[200.159,-40.353]],"c":true},"ix":2},"nm":"Path 1","mn":"ADBE Vector Shape - Group","hd":false},{"ty":"fl","c":{"a":0,"k":[0.839215695858,0.501960813999,0.349019616842,1],"ix":4},"o":{"a":0,"k":100,"ix":5},"r":1,"bm":0,"nm":"Fill 1","mn":"ADBE Vector Graphic - Fill","hd":false},{"ty":"tr","p":{"a":0,"k":[0,0],"ix":2},"a":{"a":0,"k":[0,0],"ix":1},"s":{"a":0,"k":[100,100],"ix":3},"r":{"a":0,"k":0,"ix":6},"o":{"a":0,"k":100,"ix":7},"sk":{"a":0,"k":0,"ix":4},"sa":{"a":0,"k":0,"ix":5},"nm":"Transform"}],"nm":"Group 4","np":2,"cix":2,"bm":0,"ix":4,"mn":"ADBE Vector Group","hd":false},{"ty":"gr","it":[{"ind":0,"ty":"sh","ix":1,"ks":{"a":0,"k":{"i":[[0.017,0.011],[-0.017,-0.011]],"o":[[0.017,0.011],[-0.017,-0.011]],"v":[[193.088,20.581],[193.14,20.614]],"c":true},"ix":2},"nm":"Path 1","mn":"ADBE Vector Shape - Group","hd":false},{"ind":1,"ty":"sh","ix":2,"ks":{"a":0,"k":{"i":[[-8.046,-12.199],[0,0],[-11.357,-0.36],[-0.016,0.004],[0,0],[-17.443,32.418],[-5.369,10.425],[-0.016,0.004],[-2.771,4.401],[1.091,4.351],[0.051,0.198],[30.457,-16.53],[12.475,-4.114],[3.366,-0.9]],"o":[[0,0],[6.447,0.614],[0.015,-0.003],[0,0],[24.049,0.771],[5.361,-9.963],[0,0],[3.977,-7.722],[2.39,-3.795],[-0.048,-0.192],[-8.594,-33.572],[-24.842,13.482],[-2.758,0.914],[-3.974,45.28]],"v":[[167.621,28.552],[182.542,25.926],[199.274,26.739],[199.309,26.748],[199.325,26.744],[265.635,8.405],[278.379,-25.47],[278.394,-25.474],[289.157,-44.282],[291.219,-57.025],[291.071,-57.61],[214.096,-91.102],[160.124,-58.71],[150.856,-55.948]],"c":true},"ix":2},"nm":"Path 2","mn":"ADBE Vector Shape - Group","hd":false},{"ty":"fl","c":{"a":0,"k":[0.92549020052,0.188235297799,0.560784339905,1],"ix":4},"o":{"a":0,"k":100,"ix":5},"r":1,"bm":0,"nm":"Fill 1","mn":"ADBE Vector Graphic - Fill","hd":false},{"ty":"tr","p":{"a":0,"k":[0,0],"ix":2},"a":{"a":0,"k":[0,0],"ix":1},"s":{"a":0,"k":[100,100],"ix":3},"r":{"a":0,"k":0,"ix":6},"o":{"a":0,"k":100,"ix":7},"sk":{"a":0,"k":0,"ix":4},"sa":{"a":0,"k":0,"ix":5},"nm":"Transform"}],"nm":"Group 5","np":3,"cix":2,"bm":0,"ix":5,"mn":"ADBE Vector Group","hd":false},{"ty":"tr","p":{"a":0,"k":[0,0],"ix":2},"a":{"a":0,"k":[0,0],"ix":1},"s":{"a":0,"k":[100,100],"ix":3},"r":{"a":0,"k":0,"ix":6},"o":{"a":0,"k":100,"ix":7},"sk":{"a":0,"k":0,"ix":4},"sa":{"a":0,"k":0,"ix":5},"nm":"Transform"}],"nm":"Group 2","np":5,"cix":2,"bm":0,"ix":2,"mn":"ADBE Vector Group","hd":false},{"ty":"gr","it":[{"ind":0,"ty":"sh","ix":1,"ks":{"a":0,"k":{"i":[[0,0],[0,0],[-13.997,44.513],[-15.262,4.057],[-8.046,-12.199],[0,0]],"o":[[0,0],[-5.851,-15.017],[12.006,5.269],[-3.973,45.28],[0,0],[0,0]],"v":[[116.518,37.686],[98.606,40.836],[97.618,-52.835],[150.856,-55.948],[167.621,28.552],[148.654,31.883]],"c":true},"ix":2},"nm":"Path 1","mn":"ADBE Vector Shape - Group","hd":false},{"ty":"fl","c":{"a":0,"k":[0.839215695858,0.501960813999,0.349019616842,1],"ix":4},"o":{"a":0,"k":100,"ix":5},"r":1,"bm":0,"nm":"Fill 1","mn":"ADBE Vector Graphic - Fill","hd":false},{"ty":"tr","p":{"a":0,"k":[0,0],"ix":2},"a":{"a":0,"k":[0,0],"ix":1},"s":{"a":0,"k":[100,100],"ix":3},"r":{"a":0,"k":0,"ix":6},"o":{"a":0,"k":100,"ix":7},"sk":{"a":0,"k":0,"ix":4},"sa":{"a":0,"k":0,"ix":5},"nm":"Transform"}],"nm":"Group 3","np":2,"cix":2,"bm":0,"ix":3,"mn":"ADBE Vector Group","hd":false},{"ty":"tr","p":{"a":0,"k":[0,0],"ix":2},"a":{"a":0,"k":[0,0],"ix":1},"s":{"a":0,"k":[100,100],"ix":3},"r":{"a":0,"k":0,"ix":6},"o":{"a":0,"k":100,"ix":7},"sk":{"a":0,"k":0,"ix":4},"sa":{"a":0,"k":0,"ix":5},"nm":"Transform"}],"nm":"Group 4","np":3,"cix":2,"bm":0,"ix":1,"mn":"ADBE Vector Group","hd":false},{"ty":"tr","p":{"a":0,"k":[887.262,476.811],"ix":2},"a":{"a":0,"k":[137.262,-23.189],"ix":1},"s":{"a":0,"k":[100,100],"ix":3},"r":{"a":0,"k":0,"ix":6},"o":{"a":0,"k":100,"ix":7},"sk":{"a":0,"k":0,"ix":4},"sa":{"a":0,"k":0,"ix":5},"nm":"Transform"}],"nm":"Group 4","np":1,"cix":2,"bm":0,"ix":2,"mn":"ADBE Vector Group","hd":false},{"ty":"gr","it":[{"ty":"gr","it":[{"ind":0,"ty":"sh","ix":1,"ks":{"a":0,"k":{"i":[[-0.823,-18.743],[0,-0.489],[17.216,-6.823],[10.607,2.467],[3.72,-0.059],[0.59,-0.472],[0,0],[-5.483,23.756],[-11.578,-2.185],[-23.417,9.305]],"o":[[0.021,0.475],[-0.001,17.095],[-10.124,4.013],[-3.869,-0.9],[-22.131,0.287],[-0.013,0.015],[-30.061,9.292],[2.648,-11.474],[18.027,3.404],[17.435,-6.928]],"v":[[381.503,-89.464],[381.535,-88.019],[357.434,-50.475],[325.564,-48.631],[314.146,-49.825],[273.069,-34.324],[273.055,-34.309],[226.845,-72.541],[255.077,-90.055],[343.717,-113.331]],"c":true},"ix":2},"nm":"Path 1","mn":"ADBE Vector Shape - Group","hd":false},{"ty":"fl","c":{"a":0,"k":[0.839215695858,0.498039215803,0.345098048449,1],"ix":4},"o":{"a":0,"k":100,"ix":5},"r":1,"bm":0,"nm":"Fill 1","mn":"ADBE Vector Graphic - Fill","hd":false},{"ty":"tr","p":{"a":0,"k":[0,0],"ix":2},"a":{"a":0,"k":[0,0],"ix":1},"s":{"a":0,"k":[100,100],"ix":3},"r":{"a":0,"k":0,"ix":6},"o":{"a":0,"k":100,"ix":7},"sk":{"a":0,"k":0,"ix":4},"sa":{"a":0,"k":0,"ix":5},"nm":"Transform"}],"nm":"Group 7","np":2,"cix":2,"bm":0,"ix":1,"mn":"ADBE Vector Group","hd":false},{"ty":"tr","p":{"a":0,"k":[984.364,441.505],"ix":2},"a":{"a":0,"k":[234.364,-58.495],"ix":1},"s":{"a":0,"k":[100,100],"ix":3},"r":{"a":0,"k":-14,"ix":6},"o":{"a":0,"k":100,"ix":7},"sk":{"a":0,"k":0,"ix":4},"sa":{"a":0,"k":0,"ix":5},"nm":"Transform"}],"nm":"Group 7","np":1,"cix":2,"bm":0,"ix":3,"mn":"ADBE Vector Group","hd":false}],"ip":0,"op":83,"st":0,"bm":0},{"ddd":0,"ind":6,"ty":4,"nm":"Group 11","sr":1,"ks":{"o":{"a":0,"k":100,"ix":11},"r":{"a":0,"k":0,"ix":10},"p":{"a":0,"k":[1035.129,679.072,0],"ix":2},"a":{"a":0,"k":[285.129,179.072,0],"ix":1},"s":{"a":0,"k":[100,100,100],"ix":6}},"ao":0,"shapes":[{"ty":"gr","it":[{"ind":0,"ty":"sh","ix":1,"ks":{"a":0,"k":{"i":[[-1.384,0.233],[-8.239,-0.563],[-15.967,-5.507],[1.753,-0.169],[6.143,0.822],[9.778,-2.208],[7.163,2.067],[-5.565,4.009]],"o":[[7.789,-1.311],[9.639,0.658],[1.63,0.562],[-6.234,0.602],[-9.473,-1.268],[-4.464,1.008],[-7.067,-2.04],[1.094,-0.788]],"v":[[256.483,171.53],[284.011,168.931],[325.799,181.219],[325.319,184.026],[303.596,184.366],[266.224,185.896],[249.55,188.72],[246.949,174.126]],"c":true},"ix":2},"nm":"Path 1","mn":"ADBE Vector Shape - Group","hd":false},{"ty":"fl","c":{"a":0,"k":[0.768627464771,0.419607847929,0.309803932905,1],"ix":4},"o":{"a":0,"k":100,"ix":5},"r":1,"bm":0,"nm":"Fill 1","mn":"ADBE Vector Graphic - Fill","hd":false},{"ty":"tr","p":{"a":0,"k":[0,0],"ix":2},"a":{"a":0,"k":[0,0],"ix":1},"s":{"a":0,"k":[100,100],"ix":3},"r":{"a":0,"k":0,"ix":6},"o":{"a":0,"k":100,"ix":7},"sk":{"a":0,"k":0,"ix":4},"sa":{"a":0,"k":0,"ix":5},"nm":"Transform"}],"nm":"Group 11","np":2,"cix":2,"bm":0,"ix":1,"mn":"ADBE Vector Group","hd":false}],"ip":0,"op":83,"st":0,"bm":0},{"ddd":0,"ind":7,"ty":4,"nm":"Group 9","sr":1,"ks":{"o":{"a":0,"k":100,"ix":11},"r":{"a":1,"k":[{"i":{"x":[0.667],"y":[1]},"o":{"x":[0.333],"y":[0]},"t":0,"s":[0]},{"i":{"x":[0.667],"y":[1]},"o":{"x":[0.333],"y":[0]},"t":20,"s":[-28]},{"i":{"x":[0.667],"y":[1]},"o":{"x":[0.333],"y":[0]},"t":30,"s":[-28]},{"t":50,"s":[0]}],"ix":10},"p":{"a":0,"k":[1001.668,675.596,0],"ix":2},"a":{"a":0,"k":[251.668,175.596,0],"ix":1},"s":{"a":0,"k":[100,100,100],"ix":6}},"ao":0,"shapes":[{"ty":"gr","it":[{"ind":0,"ty":"sh","ix":1,"ks":{"a":0,"k":{"i":[[0,0],[3.28,6.215],[5.397,-21.159],[-16.77,-53.075],[-3.059,13.259]],"o":[[0,0],[-3.28,-6.215],[-5.397,21.159],[6.302,6.337],[3.059,-13.259]],"v":[[269.324,79.269],[267.676,58.464],[235.545,67.073],[244.721,183.102],[260.072,174.641]],"c":true},"ix":2},"nm":"Path 1","mn":"ADBE Vector Shape - Group","hd":false},{"ty":"fl","c":{"a":0,"k":[0.768627464771,0.419607847929,0.309803932905,1],"ix":4},"o":{"a":0,"k":100,"ix":5},"r":1,"bm":0,"nm":"Fill 1","mn":"ADBE Vector Graphic - Fill","hd":false},{"ty":"tr","p":{"a":0,"k":[0,0],"ix":2},"a":{"a":0,"k":[0,0],"ix":1},"s":{"a":0,"k":[100,100],"ix":3},"r":{"a":0,"k":0,"ix":6},"o":{"a":0,"k":100,"ix":7},"sk":{"a":0,"k":0,"ix":4},"sa":{"a":0,"k":0,"ix":5},"nm":"Transform"}],"nm":"Group 9","np":2,"cix":2,"bm":0,"ix":1,"mn":"ADBE Vector Group","hd":false}],"ip":0,"op":83,"st":0,"bm":0},{"ddd":0,"ind":8,"ty":4,"nm":"Group 10","parent":7,"sr":1,"ks":{"o":{"a":0,"k":100,"ix":11},"r":{"a":1,"k":[{"i":{"x":[0.667],"y":[1]},"o":{"x":[0.333],"y":[0]},"t":0,"s":[-1]},{"i":{"x":[0.667],"y":[1]},"o":{"x":[0.333],"y":[0]},"t":20,"s":[125]},{"i":{"x":[0.667],"y":[1]},"o":{"x":[0.333],"y":[0]},"t":30,"s":[125]},{"t":50,"s":[-1]}],"ix":10},"p":{"a":0,"k":[256.344,62.576,0],"ix":2},"a":{"a":0,"k":[255.314,62.637,0],"ix":1},"s":{"a":0,"k":[100,100,100],"ix":6}},"ao":0,"shapes":[{"ty":"gr","it":[{"ind":0,"ty":"sh","ix":1,"ks":{"a":1,"k":[{"i":{"x":0.833,"y":0.833},"o":{"x":0.167,"y":0.167},"t":0,"s":[{"i":[[13.911,4.029],[1.058,7.726],[2.01,16.078],[-11.85,6.647],[4.2,-26.508],[-1.342,-7.662]],"o":[[-8.088,-2.343],[-2.117,-15.468],[-2.735,-21.878],[18.897,-10.6],[-4.2,26.508],[1.054,6.02]],"v":[[249.507,76.244],[237.725,59.684],[229.338,-3.166],[238.72,-66.531],[276.268,-34.724],[269.785,61.24]],"c":true}]},{"i":{"x":0.833,"y":0.833},"o":{"x":0.167,"y":0.167},"t":9,"s":[{"i":[[13.911,4.029],[1.058,7.726],[2.01,16.078],[-11.85,6.647],[4.2,-26.508],[-1.342,-7.662]],"o":[[-8.088,-2.343],[-2.117,-15.468],[-2.735,-21.878],[18.897,-10.6],[-4.2,26.508],[1.054,6.02]],"v":[[249.507,76.244],[237.725,59.684],[231.922,21.295],[241.304,-42.071],[278.852,-10.263],[269.785,61.24]],"c":true}]},{"i":{"x":0.833,"y":0.833},"o":{"x":0.167,"y":0.167},"t":20,"s":[{"i":[[13.911,4.029],[1.058,7.726],[2.01,16.078],[-7.924,7.766],[4.2,-26.508],[-1.342,-7.662]],"o":[[-8.088,-2.343],[-2.117,-15.468],[-2.735,-21.878],[15.475,-15.166],[-4.2,26.508],[1.054,6.02]],"v":[[249.507,76.244],[237.725,59.684],[231.922,21.295],[241.304,-42.071],[278.852,-10.263],[269.785,61.24]],"c":true}]},{"i":{"x":0.833,"y":0.833},"o":{"x":0.167,"y":0.167},"t":30,"s":[{"i":[[13.911,4.029],[1.058,7.726],[2.01,16.078],[-11.85,6.647],[4.2,-26.508],[-1.342,-7.662]],"o":[[-8.088,-2.343],[-2.117,-15.468],[-2.735,-21.878],[18.897,-10.6],[-4.2,26.508],[1.054,6.02]],"v":[[249.507,76.244],[237.725,59.684],[231.922,21.295],[256.691,-34.775],[278.852,-10.263],[269.785,61.24]],"c":true}]},{"t":50,"s":[{"i":[[13.911,4.029],[1.058,7.726],[2.01,16.078],[-11.85,6.647],[10.988,-62.594],[-1.342,-7.662]],"o":[[-8.088,-2.343],[-2.117,-15.468],[-2.735,-21.878],[18.897,-10.6],[-4.641,26.435],[1.054,6.02]],"v":[[249.507,76.244],[237.725,59.684],[231.922,21.295],[251.733,-65.866],[276.588,-23.805],[269.785,61.24]],"c":true}]}],"ix":2},"nm":"Path 1","mn":"ADBE Vector Shape - Group","hd":false},{"ty":"fl","c":{"a":0,"k":[0.768627464771,0.419607847929,0.309803932905,1],"ix":4},"o":{"a":0,"k":100,"ix":5},"r":1,"bm":0,"nm":"Fill 1","mn":"ADBE Vector Graphic - Fill","hd":false},{"ty":"tr","p":{"a":0,"k":[0.005,-1],"ix":2},"a":{"a":0,"k":[0,0],"ix":1},"s":{"a":0,"k":[100,100],"ix":3},"r":{"a":0,"k":0,"ix":6},"o":{"a":0,"k":100,"ix":7},"sk":{"a":0,"k":0,"ix":4},"sa":{"a":0,"k":0,"ix":5},"nm":"Transform"}],"nm":"Group 10","np":2,"cix":2,"bm":0,"ix":1,"mn":"ADBE Vector Group","hd":false},{"ty":"gr","it":[{"ind":0,"ty":"sh","ix":1,"ks":{"a":1,"k":[{"i":{"x":0.833,"y":0.833},"o":{"x":0.333,"y":0},"t":0,"s":[{"i":[[13.911,4.388],[1.058,8.414],[2.01,17.511],[-19.91,8.117],[9.914,-44.098],[-1.342,-8.344]],"o":[[-8.088,-2.551],[-2.117,-16.846],[-2.735,-23.827],[20.506,-8.36],[-6.399,28.463],[1.054,6.556]],"v":[[244.672,97.259],[232.89,79.225],[224.503,10.775],[233.415,-71.805],[271.432,-23.594],[264.949,80.919]],"c":true}]},{"i":{"x":0.667,"y":1},"o":{"x":0.167,"y":0.167},"t":9,"s":[{"i":[[13.911,4.388],[1.058,8.414],[2.01,17.51],[-19.91,8.117],[9.914,-44.098],[-1.342,-8.344]],"o":[[-8.088,-2.551],[-2.117,-16.846],[-2.735,-23.827],[20.506,-8.36],[-6.399,28.463],[1.054,6.556]],"v":[[244.672,97.259],[232.89,79.225],[223.255,32.196],[234.912,-15.538],[270.345,8.212],[264.949,80.919]],"c":true}]},{"i":{"x":0.667,"y":1},"o":{"x":0.333,"y":0},"t":20,"s":[{"i":[[13.911,4.388],[1.058,8.414],[2.01,17.51],[-19.91,8.117],[9.914,-44.098],[-1.342,-8.344]],"o":[[-8.088,-2.551],[-2.117,-16.846],[-2.735,-23.828],[20.506,-8.36],[-6.399,28.463],[1.054,6.556]],"v":[[244.672,97.259],[232.89,79.225],[223.449,20.056],[232.741,-38.103],[270.758,10.107],[264.949,80.919]],"c":true}]},{"i":{"x":0.833,"y":0.833},"o":{"x":0.333,"y":0},"t":30,"s":[{"i":[[13.911,4.388],[1.058,8.414],[2.01,17.51],[-19.91,8.117],[9.914,-44.098],[-1.342,-8.344]],"o":[[-8.088,-2.551],[-2.117,-16.846],[-2.735,-23.828],[20.506,-8.36],[-6.399,28.463],[1.054,6.556]],"v":[[244.672,97.259],[232.89,79.225],[234.585,21.859],[248.129,-30.807],[270.758,10.107],[264.949,80.919]],"c":true}]},{"i":{"x":0.667,"y":1},"o":{"x":0.167,"y":0.167},"t":40,"s":[{"i":[[13.911,4.388],[1.058,8.414],[2.01,17.51],[-19.91,8.117],[9.914,-44.098],[-1.342,-8.344]],"o":[[-8.088,-2.551],[-2.117,-16.846],[-2.735,-23.827],[20.506,-8.36],[-6.399,28.463],[1.054,6.556]],"v":[[244.672,97.259],[232.89,79.225],[223.255,32.196],[232.328,-39.998],[270.345,8.212],[264.949,80.919]],"c":true}]},{"t":50,"s":[{"i":[[13.911,4.388],[1.058,8.414],[2.01,17.511],[-19.91,8.117],[9.914,-44.098],[-1.342,-8.344]],"o":[[-8.088,-2.551],[-2.117,-16.846],[-2.735,-23.827],[20.506,-8.36],[-6.399,28.463],[1.054,6.556]],"v":[[244.672,97.259],[232.89,79.225],[224.503,10.775],[233.415,-71.805],[271.432,-23.594],[264.949,80.919]],"c":true}]}],"ix":2},"nm":"Path 1","mn":"ADBE Vector Shape - Group","hd":false},{"ty":"tr","p":{"a":0,"k":[0,0],"ix":2},"a":{"a":0,"k":[0,0],"ix":1},"s":{"a":0,"k":[100,100],"ix":3},"r":{"a":0,"k":0,"ix":6},"o":{"a":0,"k":100,"ix":7},"sk":{"a":0,"k":0,"ix":4},"sa":{"a":0,"k":0,"ix":5},"nm":"Transform"}],"nm":"Group 11","np":1,"cix":2,"bm":0,"ix":2,"mn":"ADBE Vector Group","hd":false}],"ip":0,"op":83,"st":0,"bm":0},{"ddd":0,"ind":9,"ty":4,"nm":"Layer 2","sr":1,"ks":{"o":{"a":0,"k":100,"ix":11},"r":{"a":1,"k":[{"i":{"x":[0.667],"y":[1]},"o":{"x":[0.333],"y":[0]},"t":0,"s":[-12]},{"i":{"x":[0.667],"y":[1]},"o":{"x":[0.333],"y":[0]},"t":20,"s":[0]},{"i":{"x":[0.667],"y":[1]},"o":{"x":[0.333],"y":[0]},"t":30,"s":[0]},{"t":50,"s":[-12]}],"ix":10},"p":{"a":0,"k":[334.699,686.415,0],"ix":2},"a":{"a":0,"k":[1772.686,-1437.022,0],"ix":1},"s":{"a":0,"k":[100,100,100],"ix":6}},"ao":0,"shapes":[{"ty":"gr","it":[{"ind":0,"ty":"sh","ix":1,"ks":{"a":0,"k":{"i":[[0.331,1.325],[-3.313,6.634],[-5.583,5.177],[-6.216,15.274],[-13.548,-14.92],[8.263,-8.809],[7.962,-4.31],[3.462,-1.688],[6.674,-3.827],[0.81,-3.074],[4.521,-3.77],[1.974,4.931]],"o":[[-1.659,-6.65],[3.545,-7.099],[13.78,-12.776],[6.219,-15.251],[7.681,8.459],[-6.363,6.784],[-3.38,1.83],[-6.934,3.382],[-2.757,1.581],[-1.291,4.903],[-6.097,5.082],[-0.543,-1.356]],"v":[[-40.01,33.943],[-37.373,14.337],[-22.8,-1.456],[0.539,-35.268],[33.919,-37.357],[35.554,-6.808],[11.94,6.919],[1.543,11.988],[-19.59,21.926],[-25.24,29.298],[-25.817,46.08],[-38.701,37.962]],"c":true},"ix":2},"nm":"Path 1","mn":"ADBE Vector Shape - Group","hd":false},{"ty":"fl","c":{"a":0,"k":[0.839215695858,0.501960813999,0.349019616842,1],"ix":4},"o":{"a":0,"k":100,"ix":5},"r":1,"bm":0,"nm":"Fill 1","mn":"ADBE Vector Graphic - Fill","hd":false},{"ty":"tr","p":{"a":0,"k":[1813.487,-1484.695],"ix":2},"a":{"a":0,"k":[0,0],"ix":1},"s":{"a":0,"k":[100,100],"ix":3},"r":{"a":0,"k":0,"ix":6},"o":{"a":0,"k":100,"ix":7},"sk":{"a":0,"k":0,"ix":4},"sa":{"a":0,"k":0,"ix":5},"nm":"Transform"}],"nm":"Group 1","np":2,"cix":2,"bm":0,"ix":1,"mn":"ADBE Vector Group","hd":false},{"ty":"gr","it":[{"ty":"gr","it":[{"ind":0,"ty":"sh","ix":1,"ks":{"a":0,"k":{"i":[[-0.001,0.014],[-8.267,-0.082],[0,0],[0,0],[0,0],[0,0],[0,0],[-0.296,8.482]],"o":[[0.297,-8.268],[0,0],[0,0],[0,0],[0,0],[0,0],[-8.488,-0.21],[0.001,-0.014]],"v":[[-24.552,-0.992],[-9.171,-15.7],[24.564,-15.086],[24.264,-5.162],[23.632,15.7],[-4.936,14.935],[-9.671,14.814],[-24.554,-0.963]],"c":true},"ix":2},"nm":"Path 1","mn":"ADBE Vector Shape - Group","hd":false},{"ty":"fl","c":{"a":0,"k":[0.839215695858,0.501960813999,0.349019616842,1],"ix":4},"o":{"a":0,"k":100,"ix":5},"r":1,"bm":0,"nm":"Fill 1","mn":"ADBE Vector Graphic - Fill","hd":false},{"ty":"tr","p":{"a":0,"k":[1863.146,-1502.904],"ix":2},"a":{"a":0,"k":[0,0],"ix":1},"s":{"a":0,"k":[100,100],"ix":3},"r":{"a":0,"k":0,"ix":6},"o":{"a":0,"k":100,"ix":7},"sk":{"a":0,"k":0,"ix":4},"sa":{"a":0,"k":0,"ix":5},"nm":"Transform"}],"nm":"Group 1","np":2,"cix":2,"bm":0,"ix":1,"mn":"ADBE Vector Group","hd":false},{"ty":"gr","it":[{"ind":0,"ty":"sh","ix":1,"ks":{"a":0,"k":{"i":[[0,0],[0,0],[-1.463,0.269],[-22.017,2.964],[-4.113,0.146],[-14.705,-10.808],[21.168,-7.854],[13.726,1.333],[2.464,0.132],[24.611,1.324],[0,0],[0,0]],"o":[[0,0],[1.486,-0.097],[21.837,-4.054],[4.082,-0.545],[17.639,-0.672],[16.491,12.116],[-13.044,4.837],[-2.532,-0.249],[-24.61,-1.338],[0,0],[0,0],[0,0]],"v":[[-88.608,-10.388],[-57.734,-12.337],[-53.291,-13.043],[11.772,-27.829],[24.059,-28.879],[76.636,-17.012],[74.22,26.039],[33.066,27.319],[25.566,26.733],[-48.266,22.733],[-51.727,22.541],[-89.55,20.394]],"c":true},"ix":2},"nm":"Path 1","mn":"ADBE Vector Shape - Group","hd":false},{"ty":"fl","c":{"a":0,"k":[0.250980407,0.250980407,0.254901975393,1],"ix":4},"o":{"a":0,"k":100,"ix":5},"r":1,"bm":0,"nm":"Fill 1","mn":"ADBE Vector Graphic - Fill","hd":false},{"ty":"tr","p":{"a":0,"k":[1976.323,-1507.604],"ix":2},"a":{"a":0,"k":[0,0],"ix":1},"s":{"a":0,"k":[100,100],"ix":3},"r":{"a":0,"k":0,"ix":6},"o":{"a":0,"k":100,"ix":7},"sk":{"a":0,"k":0,"ix":4},"sa":{"a":0,"k":0,"ix":5},"nm":"Transform"}],"nm":"Group 2","np":2,"cix":2,"bm":0,"ix":2,"mn":"ADBE Vector Group","hd":false},{"ty":"tr","p":{"a":0,"k":[1976.323,-1507.604],"ix":2},"a":{"a":0,"k":[1976.323,-1507.604],"ix":1},"s":{"a":0,"k":[100,100],"ix":3},"r":{"a":0,"k":0,"ix":6},"o":{"a":0,"k":100,"ix":7},"sk":{"a":0,"k":0,"ix":4},"sa":{"a":0,"k":0,"ix":5},"nm":"Transform"}],"nm":"Group 2","np":2,"cix":2,"bm":0,"ix":2,"mn":"ADBE Vector Group","hd":false},{"ty":"gr","it":[{"ind":0,"ty":"sh","ix":1,"ks":{"a":0,"k":{"i":[[-27.502,11.419],[-0.627,0.239],[-10.224,3.233],[-37.713,3.414],[-20.109,-6.13],[10.093,-23.996],[22.477,-2.937],[0.094,-0.011],[0.165,-0.019],[1.906,-0.19],[0.763,-0.071],[1.158,-0.097],[0.824,-0.064],[1.111,-0.077],[0.93,-0.058],[1.018,-0.056],[0.941,-0.046],[1.021,-0.043],[0.952,-0.034],[1.013,-0.03],[0.946,-0.023],[1.029,-0.019],[0.911,-0.012],[1.059,-0.007],[0.942,-0.002],[1.03,0.003],[0.927,0.008],[1.041,0.014],[0.978,0.018],[0.979,0.022],[0.973,0.026],[0.982,0.031],[0.916,0.033],[1.023,0.041],[0.952,0.042],[0.969,0.047],[0.964,0.05],[0.944,0.053],[0.918,0.055],[0.968,0.062],[0.944,0.064],[0.911,0.065],[0.978,0.073],[0.858,0.067],[0.943,0.077],[0.864,0.073],[0.892,0.078],[0.884,0.08],[0.877,0.082],[0.858,0.083],[0.893,0.089],[0.805,0.083],[0.886,0.094],[0.774,0.084],[0.821,0.091],[0.801,0.091],[0.782,0.091],[0.785,0.093],[0.778,0.095],[0.743,0.092],[0.781,0.099],[0.681,0.088],[0.771,0.101],[0.648,0.087],[0.746,0.101],[0.606,0.084],[0.721,0.101],[0.579,0.083],[0.625,0.09],[0.617,0.091],[0.572,0.085],[0.528,0.08],[0.019,0.003],[0.101,0.019]],"o":[[0.595,-0.244],[9.969,-3.952],[36.092,-11.413],[20.485,-1.855],[25.902,7.896],[-9.356,22.246],[-0.093,0.012],[-0.164,0.02],[-1.885,0.22],[-0.76,0.076],[-1.152,0.108],[-0.822,0.069],[-1.107,0.086],[-0.927,0.064],[-1.015,0.063],[-0.939,0.052],[-1.019,0.05],[-0.95,0.04],[-1.011,0.037],[-0.944,0.028],[-1.028,0.025],[-0.911,0.017],[-1.06,0.014],[-0.943,0.007],[-1.031,0.002],[-0.927,-0.003],[-1.042,-0.008],[-0.98,-0.013],[-0.981,-0.018],[-0.975,-0.022],[-0.985,-0.027],[-0.918,-0.029],[-1.027,-0.037],[-0.955,-0.039],[-0.973,-0.043],[-0.968,-0.047],[-0.948,-0.05],[-0.923,-0.052],[-0.975,-0.058],[-0.95,-0.061],[-0.917,-0.062],[-0.985,-0.07],[-0.863,-0.065],[-0.95,-0.074],[-0.871,-0.071],[-0.9,-0.076],[-0.892,-0.078],[-0.886,-0.081],[-0.867,-0.081],[-0.904,-0.088],[-0.813,-0.081],[-0.898,-0.092],[-0.783,-0.083],[-0.832,-0.09],[-0.812,-0.09],[-0.792,-0.09],[-0.797,-0.093],[-0.791,-0.094],[-0.755,-0.092],[-0.797,-0.099],[-0.693,-0.088],[-0.786,-0.101],[-0.659,-0.087],[-0.763,-0.102],[-0.618,-0.084],[-0.739,-0.102],[-0.593,-0.083],[-0.641,-0.091],[-0.634,-0.092],[-0.588,-0.086],[-0.542,-0.081],[-0.02,-0.003],[-0.101,-0.015],[-29.249,-4.742]],"v":[[-109.122,-14.747],[-107.277,-15.482],[-76.96,-26.226],[34.351,-48.864],[96.952,-48.191],[123.351,14.039],[67.71,48.84],[67.435,48.885],[66.941,48.943],[61.253,49.557],[58.961,49.767],[55.503,50.084],[53.028,50.274],[49.705,50.527],[46.916,50.701],[43.871,50.89],[41.049,51.028],[37.994,51.176],[35.138,51.279],[32.106,51.388],[29.269,51.456],[26.185,51.529],[23.452,51.564],[20.273,51.604],[17.446,51.609],[14.353,51.614],[11.573,51.591],[8.447,51.564],[5.512,51.512],[2.569,51.458],[-0.349,51.379],[-3.304,51.297],[-6.051,51.199],[-9.13,51.087],[-11.984,50.96],[-14.902,50.83],[-17.793,50.678],[-20.638,50.528],[-23.391,50.363],[-26.313,50.187],[-29.146,49.996],[-31.896,49.81],[-34.832,49.592],[-37.422,49.398],[-40.251,49.169],[-42.863,48.956],[-45.541,48.722],[-48.214,48.487],[-50.847,48.24],[-53.445,47.996],[-56.128,47.728],[-58.568,47.484],[-61.231,47.204],[-63.579,46.956],[-66.044,46.682],[-68.477,46.412],[-70.824,46.139],[-73.21,45.861],[-75.548,45.578],[-77.811,45.302],[-80.162,45.006],[-82.238,44.743],[-84.556,44.439],[-86.532,44.18],[-88.779,43.875],[-90.631,43.623],[-92.801,43.32],[-94.577,43.07],[-96.457,42.799],[-98.351,42.525],[-100.07,42.27],[-101.7,42.028],[-101.756,42.019],[-102.066,41.969]],"c":true},"ix":2},"nm":"Path 1","mn":"ADBE Vector Shape - Group","hd":false},{"ty":"fl","c":{"a":0,"k":[0.250980407,0.250980407,0.254901975393,1],"ix":4},"o":{"a":0,"k":100,"ix":5},"r":1,"bm":0,"nm":"Fill 1","mn":"ADBE Vector Graphic - Fill","hd":false},{"ty":"tr","p":{"a":0,"k":[2145.986,-1518.237],"ix":2},"a":{"a":0,"k":[0,0],"ix":1},"s":{"a":0,"k":[100,100],"ix":3},"r":{"a":0,"k":0,"ix":6},"o":{"a":0,"k":100,"ix":7},"sk":{"a":0,"k":0,"ix":4},"sa":{"a":0,"k":0,"ix":5},"nm":"Transform"}],"nm":"Group 3","np":2,"cix":2,"bm":0,"ix":3,"mn":"ADBE Vector Group","hd":false},{"ty":"gr","it":[{"ty":"gr","it":[{"ind":0,"ty":"sh","ix":1,"ks":{"a":0,"k":{"i":[[-0.402,8.478],[-0.001,0.014],[-8.265,-0.185],[0,0],[0,0],[0,0],[0,0],[0,0]],"o":[[0.001,-0.014],[0.4,-8.263],[0,0],[0,0],[0,0],[0,0],[0,0],[-8.484,-0.316]],"v":[[-24.636,-1.356],[-24.634,-1.385],[-9.072,-15.9],[24.653,-14.869],[24.231,-4.949],[23.34,15.904],[-5.216,14.785],[-9.95,14.605]],"c":true},"ix":2},"nm":"Path 1","mn":"ADBE Vector Shape - Group","hd":false},{"ty":"fl","c":{"a":0,"k":[0.768627464771,0.419607847929,0.309803932905,1],"ix":4},"o":{"a":0,"k":100,"ix":5},"r":1,"bm":0,"nm":"Fill 1","mn":"ADBE Vector Graphic - Fill","hd":false},{"ty":"tr","p":{"a":0,"k":[1863.16,-1507.82],"ix":2},"a":{"a":0,"k":[0,0],"ix":1},"s":{"a":0,"k":[100,100],"ix":3},"r":{"a":0,"k":0,"ix":6},"o":{"a":0,"k":100,"ix":7},"sk":{"a":0,"k":0,"ix":4},"sa":{"a":0,"k":0,"ix":5},"nm":"Transform"}],"nm":"Group 1","np":2,"cix":2,"bm":0,"ix":1,"mn":"ADBE Vector Group","hd":false},{"ty":"gr","it":[{"ind":0,"ty":"sh","ix":1,"ks":{"a":0,"k":{"i":[[0,0],[0,0],[-1.466,0.251],[-22.052,2.691],[-4.114,0.095],[-14.57,-10.989],[21.264,-7.591],[13.708,1.503],[2.462,0.163],[24.592,1.629],[0,0],[0,0]],"o":[[0,0],[1.488,-0.079],[21.885,-3.782],[4.089,-0.494],[17.646,-0.453],[16.34,12.32],[-13.103,4.675],[-2.528,-0.28],[-24.592,-1.644],[0,0],[0,0],[0,0]],"v":[[-88.309,-12.016],[-57.415,-13.583],[-52.962,-14.233],[12.279,-28.211],[24.577,-29.109],[77.004,-16.59],[74.054,26.427],[32.888,27.197],[25.396,26.518],[-48.381,21.603],[-51.839,21.367],[-89.633,18.752]],"c":true},"ix":2},"nm":"Path 1","mn":"ADBE Vector Shape - Group","hd":false},{"ty":"fl","c":{"a":0,"k":[0.137254908681,0.121568627656,0.1254902035,1],"ix":4},"o":{"a":0,"k":100,"ix":5},"r":1,"bm":0,"nm":"Fill 1","mn":"ADBE Vector Graphic - Fill","hd":false},{"ty":"tr","p":{"a":0,"k":[1976.128,-1510.673],"ix":2},"a":{"a":0,"k":[0,0],"ix":1},"s":{"a":0,"k":[100,100],"ix":3},"r":{"a":0,"k":0,"ix":6},"o":{"a":0,"k":100,"ix":7},"sk":{"a":0,"k":0,"ix":4},"sa":{"a":0,"k":0,"ix":5},"nm":"Transform"}],"nm":"Group 2","np":2,"cix":2,"bm":0,"ix":2,"mn":"ADBE Vector Group","hd":false},{"ty":"tr","p":{"a":0,"k":[1976.128,-1510.673],"ix":2},"a":{"a":0,"k":[1976.128,-1510.673],"ix":1},"s":{"a":0,"k":[100,100],"ix":3},"r":{"a":0,"k":0,"ix":6},"o":{"a":0,"k":100,"ix":7},"sk":{"a":0,"k":0,"ix":4},"sa":{"a":0,"k":0,"ix":5},"nm":"Transform"}],"nm":"Group 4","np":2,"cix":2,"bm":0,"ix":4,"mn":"ADBE Vector Group","hd":false},{"ty":"gr","it":[{"ind":0,"ty":"sh","ix":1,"ks":{"a":0,"k":{"i":[[-4.647,1.832],[-0.629,0.231],[-38.241,5.383],[-21.135,-0.531],[5.455,-36.094],[29.579,-1.712],[45.348,6.535],[9.617,9.723],[-9.462,11.692]],"o":[[0.599,-0.236],[36.101,-13.796],[20.898,-2.942],[30.457,0.765],[-5.188,34.328],[-45.775,2.65],[-12.715,-1.832],[-10.362,-10.477],[3.148,-3.889]],"v":[[-109.988,-16.94],[-108.133,-17.652],[4.229,-45.998],[67.366,-50.669],[127.594,2.587],[54.401,49.751],[-82.711,43.084],[-119.253,31.246],[-121.994,-8.238]],"c":true},"ix":2},"nm":"Path 1","mn":"ADBE Vector Shape - Group","hd":false},{"ty":"fl","c":{"a":0,"k":[0.137254908681,0.121568627656,0.1254902035,1],"ix":4},"o":{"a":0,"k":100,"ix":5},"r":1,"bm":0,"nm":"Fill 1","mn":"ADBE Vector Graphic - Fill","hd":false},{"ty":"tr","p":{"a":0,"k":[2147.13,-1518.891],"ix":2},"a":{"a":0,"k":[0,0],"ix":1},"s":{"a":0,"k":[100,100],"ix":3},"r":{"a":0,"k":0,"ix":6},"o":{"a":0,"k":100,"ix":7},"sk":{"a":0,"k":0,"ix":4},"sa":{"a":0,"k":0,"ix":5},"nm":"Transform"}],"nm":"Group 5","np":2,"cix":2,"bm":0,"ix":5,"mn":"ADBE Vector Group","hd":false},{"ty":"gr","it":[{"ind":0,"ty":"sh","ix":1,"ks":{"a":0,"k":{"i":[[0.331,1.325],[-3.313,6.634],[-5.583,5.177],[-6.216,15.274],[-13.548,-14.92],[8.263,-8.809],[7.962,-4.31],[3.462,-1.688],[6.674,-3.827],[0.81,-3.074],[4.521,-3.77],[1.974,4.931]],"o":[[-1.659,-6.65],[3.545,-7.099],[13.78,-12.776],[6.219,-15.251],[7.681,8.459],[-6.363,6.784],[-3.38,1.83],[-6.934,3.382],[-2.757,1.581],[-1.291,4.903],[-6.097,5.082],[-0.543,-1.356]],"v":[[-40.01,33.943],[-37.373,14.337],[-22.8,-1.456],[0.539,-35.268],[33.919,-37.357],[35.554,-6.808],[11.94,6.919],[1.543,11.988],[-19.59,21.926],[-25.24,29.298],[-25.817,46.08],[-38.701,37.962]],"c":true},"ix":2},"nm":"Path 1","mn":"ADBE Vector Shape - Group","hd":false},{"ty":"fl","c":{"a":0,"k":[0.768627464771,0.419607847929,0.309803932905,1],"ix":4},"o":{"a":0,"k":100,"ix":5},"r":1,"bm":0,"nm":"Fill 1","mn":"ADBE Vector Graphic - Fill","hd":false},{"ty":"tr","p":{"a":0,"k":[1813.487,-1488.937],"ix":2},"a":{"a":0,"k":[0,0],"ix":1},"s":{"a":0,"k":[100,100],"ix":3},"r":{"a":0,"k":0,"ix":6},"o":{"a":0,"k":100,"ix":7},"sk":{"a":0,"k":0,"ix":4},"sa":{"a":0,"k":0,"ix":5},"nm":"Transform"}],"nm":"Group 6","np":2,"cix":2,"bm":0,"ix":6,"mn":"ADBE Vector Group","hd":false}],"ip":0,"op":80,"st":0,"bm":0},{"ddd":0,"ind":10,"ty":4,"nm":"mat","sr":1,"ks":{"o":{"a":0,"k":100,"ix":11},"r":{"a":0,"k":0,"ix":10},"p":{"a":0,"k":[766.808,692.135,0],"ix":2},"a":{"a":0,"k":[84.808,-155.865,0],"ix":1},"s":{"a":0,"k":[100,100,100],"ix":6}},"ao":0,"shapes":[{"ty":"gr","it":[{"ind":0,"ty":"sh","ix":1,"ks":{"a":0,"k":{"i":[[-0.267,-1.36],[3.942,0],[0,0],[0.738,3.69],[-0.774,1.09],[0,0],[-7.234,0],[0,0],[-4.502,-5.65],[0,0]],"o":[[-0.73,3.68],[0,0],[-3.915,0],[0.24,-1.21],[0,0],[4.511,-6.36],[0,0],[6.753,0],[0,0],[0.943,1.18]],"v":[[607.046,-118.725],[599.536,-111.935],[-429.919,-111.935],[-437.429,-118.725],[-435.925,-122.225],[-379.158,-195.465],[-360.57,-205.525],[526.949,-205.525],[544.637,-196.645],[605.248,-122.605]],"c":true},"ix":2},"nm":"Path 1","mn":"ADBE Vector Shape - Group","hd":false},{"ty":"fl","c":{"a":0,"k":[0.800000011921,0.835294127464,0.886274516582,1],"ix":4},"o":{"a":0,"k":100,"ix":5},"r":1,"bm":0,"nm":"Fill 1","mn":"ADBE Vector Graphic - Fill","hd":false},{"ty":"tr","p":{"a":0,"k":[0,0],"ix":2},"a":{"a":0,"k":[0,0],"ix":1},"s":{"a":0,"k":[100,100],"ix":3},"r":{"a":0,"k":0,"ix":6},"o":{"a":0,"k":100,"ix":7},"sk":{"a":0,"k":0,"ix":4},"sa":{"a":0,"k":0,"ix":5},"nm":"Transform"}],"nm":"Group 1","np":2,"cix":2,"bm":0,"ix":1,"mn":"ADBE Vector Group","hd":false},{"ty":"gr","it":[{"ind":0,"ty":"sh","ix":1,"ks":{"a":0,"k":{"i":[[5.232,0],[0,0],[-1.014,5.08],[-0.774,1.09],[0,0],[-7.234,0],[0,0],[-4.502,-5.65],[0,0],[-0.267,-1.36]],"o":[[0,0],[-5.187,0],[0.24,-1.21],[0,0],[4.511,-6.36],[0,0],[6.753,0],[0,0],[0.943,1.18],[1.005,5.04]],"v":[[599.536,-106.205],[-429.919,-106.205],[-437.429,-116.725],[-435.925,-120.225],[-379.158,-193.465],[-360.57,-203.525],[526.949,-203.525],[544.637,-194.645],[605.248,-120.605],[607.046,-116.725]],"c":true},"ix":2},"nm":"Path 1","mn":"ADBE Vector Shape - Group","hd":false},{"ty":"fl","c":{"a":0,"k":[0.666666686535,0.698039233685,0.741176486015,1],"ix":4},"o":{"a":0,"k":100,"ix":5},"r":1,"bm":0,"nm":"Fill 1","mn":"ADBE Vector Graphic - Fill","hd":false},{"ty":"tr","p":{"a":0,"k":[0,0],"ix":2},"a":{"a":0,"k":[0,0],"ix":1},"s":{"a":0,"k":[100,100],"ix":3},"r":{"a":0,"k":0,"ix":6},"o":{"a":0,"k":100,"ix":7},"sk":{"a":0,"k":0,"ix":4},"sa":{"a":0,"k":0,"ix":5},"nm":"Transform"}],"nm":"Group 2","np":2,"cix":2,"bm":0,"ix":2,"mn":"ADBE Vector Group","hd":false}],"ip":0,"op":83,"st":-10,"bm":0}],"markers":[]}